<package>
  <description brief="quadrotorTestControl">

     quadrotorTestControl

  </description>
  <author>Jianxin Sun</author>
  <license>BSD</license>
  <review status="unreviewed" notes=""/>
  <url>http://ros.org/wiki/quadrotorTestControl</url>
  <depend package="roscpp"/>
  <depend package="rospy"/>
  <depend package="roslib"/>
  <depend package="mav_msgs"/>
  <depend package="geometry_msgs"/>
  <depend package="mav_srvs"/>
  <depend package="std_msgs"/>
  <depend package="tf"/>
  <depend package="pcl"/>
  <depend package="pcl_ros"/>
  <depend package="asctec_msgs"/>
</package>



